,max,mean,median,min,rmse,sse,std
KeyFrameTrajectory,0.05780544567506732,0.02427346518902596,0.024264467701625544,0.008036887183314146,0.025776219450317057,0.03654274190329969,0.008672506954050162
